{
  "baseline": {
    "eval": {
      "accuracy": 0.71875,
      "loss": 0.5397241115570068
    },
    "precision": 0.7777777777777778,
    "recall": 0.7368421052631579,
    "f1": 0.7567567567567568
  },
  "deep_cnn": {
    "eval": {
      "accuracy": 0.65625,
      "loss": 0.6373679637908936
    },
    "precision": 0.6333333333333333,
    "recall": 1.0,
    "f1": 0.7755102040816326
  },
  "mobilenet_v2": {
    "eval": {
      "accuracy": 0.90625,
      "loss": 0.23530800640583038
    },
    "precision": 0.8636363636363636,
    "recall": 1.0,
    "f1": 0.926829268292683
  }
}